CREATE SCHEMA CineStars;

DROP SCHEMA cinestars;

USE CineStars;

CREATE TABLE pellicola(
id INT PRIMARY KEY AUTO_INCREMENT,
nome VARCHAR(45) UNIQUE NOT NULL,
descrizione VARCHAR(3000) NOT NULL,
tipologia VARCHAR(45) NOT NULL,
id_genere INT NOT NULL REFERENCES genere(id),
anno INT NOT NULL,
paese VARCHAR(45) NOT NULL,
durata INT NOT NULL,
distribuzione VARCHAR(45) NOT NULL,
foto_locandina VARCHAR(3000) NOT NULL,
foto_carosello VARCHAR(3000),
voto INT NOT NULL,
voto_utenti INT,
trailer VARCHAR(3000)
);

DROP TABLE pellicola;


INSERT INTO pellicola VALUES('1','La Haine','La pellicola, girata in bianco e nero, prende spunto dalla reale uccisione di un ragazzo delle banlieue di Parigi da parte della polizia. Nella versione originale i dialoghi sono in verlan, un gergo parigino caratterizzato dalla inversione delle sillabe di una parola per crearne una nuova.','Film','1','1995','Francia','95','Mikado Film','https://pad.mymovies.it/filmclub/2006/04/078/locandina.jpg','https://zero-media.s3.amazonaws.com/uploads/2015/10/la-haine-l-odio-asian-dub-foundation-roma.jpg','5','4.5','https://www.youtube.com/embed/cy7uYV3CGco');
INSERT INTO pellicola VALUES('6','Who Killed Captain Alex?','Captain Alex, il soldato più importante dell''esercito locale, viene mandato in missione per distruggere la Tiger Mafia, un gruppo che controlla la città di Kampala, guidata da un uomo chiamato Richard. Dopo che suo fratello viene catturato da Captain Alex, Richard decide di vendicarsi. Successivamente, Captain Alex viene trovato morto -ma nessuno sa chi l''abbia ucciso. Il fratello di Captain Alex, un monaco shaolin ugandese, arriva a Kampala per cercare di trovare il colpevole. Stringe amicizia con una delle mogli di Richard, che ha perso la memoria dopo che il marito le ha sparato. La sequenza d''azione finale comprende numerosi elicotteri, una miriade di esplosioni e un immenso numero di morti. Dopo una lunga imboscata, una reazione a catena di eventi porta Richard ad essere ferito e preso in custodia ma alla fine nessuno sa ancora chi abbia veramente ucciso Captain Alex (nemmeno il regista del film).','Film','2','2010','Uganda','68','Wakaliwood','https://upload.wikimedia.org/wikipedia/en/1/1b/Who_Killed_Captain_Alex.jpg','https://cdn.cnn.com/cnnnext/dam/assets/200910132120-uganda-wakaliwood-movie-still.jpg','5','5','https://www.youtube.com/embed/watch?v=BymeLkZ7GqM');
INSERT INTO pellicola VALUES('3','Parasite','La famiglia Kim, composta dal padre Ki-taek, la madre Chung-sook, il figlio Ki-woo e la figlia Ki-jung, vive di un sussidio di disoccupazione in un piccolo e sudicio appartamento seminterrato, tirando avanti con piccoli lavoretti e lottando per far quadrare i conti. Una sera un amico di Ki-woo, Min-Hyuk, che si sta preparando per andare a studiare all''estero, regala alla famiglia Kim una roccia della collezione del nonno, presentata ai Kim come un regalo di grande valore economico e artistico: si tratta di un suseok, pietra da collezione di tradizione confuciana, nota col nome di gongshi in Cina e suiseki in Giappone, oggetto di raccolta e commercio in Asia. Il padre la accoglie entusiasticamente, mentre la madre commenta contrariata che avrebbe preferito del cibo. I due amici escono insieme e Min-Hyuk offre a Ki-woo la possibilità di un posto come docente privato di inglese per Da-hye, figlia primogenita della ricca famiglia Park, fingendosi studente universitario. Ki-woo viene così assunto e in breve tempo approfitta dell''ingenuità della madre di Da-hye per fare assumere anche la sorella Ki-jung, spacciandola per un''affermata artista in grado di applicare l''arteterapia sul loro irrequieto e vivace figlio, Da-song. A sua volta, Ki-jung lascia le proprie mutandine nell''auto di servizio del signor Park per fargli credere che l''autista abbia utilizzato l''auto di servizio per un rapporto sessuale: Ki-taek viene assunto come nuovo autista. Infine, scoperta una grave allergia alle pesche della governante Moon-gwang, in casa sin dalla presenza del precedente proprietario ed architetto della villa, viene fatto credere che abbia la tubercolosi: la donna viene cacciata di casa e assunta, al suo posto, Chung-sook. I quattro mentono sulla loro parentela e Ki-woo inizia una relazione clandestina con Da-hye.','Film','1','2019','Corea del Sud','132','Eagle Pictures','https://pad.mymovies.it/filmclub/2019/03/022/locandina.jpg','https://media.newyorker.com/photos/5da4a5c756dcd400082a63ba/master/w_2560%2Cc_limit/Brody-Parasite.jpg','5','5','https://www.youtube.com/embed/koiB4unMLvo');
INSERT INTO pellicola VALUES('4','Quarto Potere','Il film narra la vita del magnate della stampa Charles Foster Kane (interpretato dallo stesso Welles), incapace di amare se non "solo alle sue condizioni", con la conseguenza di creare il vuoto attorno a sé e rimanere solo all''interno della sua gigantesca residenza (Xanadu, nella versione italiana Candalù), dove muore abbandonato da tutti. Welles, servendosi di una sequenza di flashback (sei, compreso il cinegiornale), mostra i frammenti della vita del magnate, quasi fossero i pezzi di un gigantesco puzzle (rompicapo che metaforicamente appare più volte nel film). Allo spettatore è lasciato il compito di ricomporre - in tutta la sua complessità - la personalità di Charles Foster Kane.','Film','1','1941','Stati Uniti d''America','119','RKO (1948)','http://iicbarcellona.esteri.it/iicmanager/img/barcellona/quarto%20potere.jpg','http://i0.wp.com/www.anonimacinefili.it/wp-content/uploads/2020/12/quarto-potere-citizen-kane-di-orson-welles-spiegazione-significato-finale.jpg?fit=1200%2C600','3','3.5','https://www.youtube.com/embed/PuAhzB3BF-c');
INSERT INTO pellicola VALUES('5','Non ci resta che piangere','di Massimo Troisi e Roberto Benigni (1984). Un maestro elementare e un bidello si ritrovano, per uno strano scherzo del caso, nel 1492. Decidono di recarsi a Palos, in Andalusia, per fermare Cristoforo Colombo e impedirgli di scoprire le Americhe.','film','4','1984','italia','107','Cecchi Gori Home Video','https://www.cinemadelsilenzio.it/images/film/poster/8025_big.jpg','https://pad.mymovies.it/filmclub/2006/10/210/coverlg_home.jpg','4','4.5','https://www.youtube.com/embed/Yz_ON4JpPRY');
INSERT INTO pellicola VALUES('2','Indiana Jones e i predatori dell''arca perduta','È stato il film con il maggior incasso del 1981, guadagnando circa 330,5 milioni di dollari in tutto il mondo, e altresì un successo di critica, ricevendo elogi per la sua versione moderna del film seriale, per la sua azione e avventura senza interruzioni, oltreché per il cast, in particolare Ford, Allen e Freeman. Il film è stato nominato per diversi premi e, tra gli altri, ha vinto cinque Premi Oscar, sette Saturn Awards e un Premio BAFTA. I predatori dell''arca perduta è ora considerato uno dei più grandi film mai realizzati e ha avuto un impatto duraturo sulla cultura popolare, generando una serie di imitatori su diversi media e ispirando altri registi. La Biblioteca del Congresso degli Stati Uniti lo ha selezionato per la conservazione nel National Film Registry nel 1999.','film','5','1981','Stati Uniti d''America','115','Lucasfilm','https://www.cincincinema.it/wp-content/uploads/2017/12/I-predatori-dellarca-perduta.jpg','https://quinlan.it/upload/images/2015/01/i-predatori-dellarca-perduta-1981-raiders-of-lost-ark-steven-spielberg-recensione-14.jpg','4','3','https://www.youtube.com/embed/LgqTrI57y6k');
INSERT INTO pellicola VALUES('7','Psycho','Il thriller di Alfred Hitchcock è un punto di riferimento imprescindibile per il genere thriller e magistralmente contaminato con suggestioni horror. Tratto dall’omonimo romanzo del 1959 di Robert Bloch (basato sulle vicende reali del serial killer Ed Gein), è il maggior successo commerciale di Hitchcock. Il film ha generato tre sequel con Anthony Perkins, lo spin-off Il motel della paura (1987), una serie televisiva Bates Motel (2013-2017), un remake shot-for-shot del 1998 diretto da Gus Van Sant e il documentario 78/52 sulla famosa scena della doccia.','film', '7','1960','Stati Uniti d''America','109','Paramount','https://play-lh.googleusercontent.com/VJav6Ob1G8Y8LyzkpFwRAToJQj1fFy91rB8Lc26Ab41IDyR3ovYk3YHwYE8txtB3klRR=w240-h480-rw','https://www.syfy.com/sites/syfy/files/styles/blog-post-embedded--mobile/public/2020/06/psycho-smile.jpg','5','0','https://www.youtube.com/embed/NG3-GlvKPcg');
INSERT INTO pellicola VALUES('8','2022: i sopravvissuti',"Nel 2022, la Terra è irrimediabilmente inquinata e sovrappopolata, esiste solo l'estate, il cibo scarseggia, il suicidio è promosso e assistito. A New York vivono 40 milioni di persone, divise in rigide caste, i rari padroni, i servi privilegiati, i milioni di poveri che dormono per strada e in auto e mangiano le gallette fornite dallo stato.In seguito alle indagini per un omicidio di un dirigente di una industria alimentare, un poliziotto e il suo aiutante vengono a conoscenza di un segreto terribile: la ditta utilizza per i suoi prodotti cadaveri umani. Entrambi moriranno.",'Film','6','1973','Stati Uniti d''America','97','Metro-Goldwyn-Mayer','https://m.media-amazon.com/images/I/91txlU1ykJL._SL1500_.jpg','https://api.superguidatv.it/v1/movies/22789/backdrops/1?width=720','3','4','https://www.youtube.com/embed/UX011zGE7rA');
INSERT INTO pellicola VALUES('9','Misery non deve morire',"Lo scrittore Paul Sheldon ha appena terminato il suo ultimo romanzo. Al ritorno dall'albergo in cui si era volutamente isolato per lavoro ha un incidente d'auto ma viene tratto in salvo da Annie Wilkes, la sua 'fan numero uno'. Sfortunatamente Annie inizia a manifestare instabilità psichica, e ben presto Paul si renderà conto di essere in grave pericolo.",'Film','7','1990','Stati Uniti d''America','107','Penta Film','https://pad.mymovies.it/filmclub/2007/02/007/locandina.jpg','https://upload.wikimedia.org/wikipedia/it/e/e1/Misery_non_deve_morire_%28film%29.png','4','5','https://www.youtube.com/embed/1MbqgDOrSW0');
INSERT INTO pellicola VALUES('10','Le iene',"Los Angeles. Una rapina a un importatore di diamanti che avrebbe potuto dare un ottimo bottino con un rischio calcolato si trasforma in una sparatoria che costringe i malviventi a una fuga disordinata. C''è però un punto di ritrovo prestabilito da Joe, il loro capo. Si tratta di un deposito abbandonato che viene raggiunto per primi da Mr. White e Mr. Orange gravemente ferito. Ognuno degli appartenenti alla banda ha finora conosciuto gli altri solo con il nome di un colore per evitare eventuali delazioni. Ma è proprio il dubbio che al loro interno si nasconda un infiltrato della polizia che comincia a tormentare i soggetti che, progressivamente, raggiungeranno il punto di raccolta.",'Film','2','1992','Stati Uniti d''America','99','Penta Film','https://image.tmdb.org/t/p/w600_and_h900_bestv2/noWeDEXd0a8du7tWG9F16Pm3Cvv.jpg','https://upload.wikimedia.org/wikipedia/it/1/17/Le_Iene.jpg','5','5','https://www.youtube.com/embed/N8n7R3kEb00');
INSERT INTO pellicola VALUES('11','7 Psicopatici','Marty è uno sceneggiatore alla disperata ricerca di ispirazione per uno script, Sette psicopatici, sul quale sta lavorando. L’uomo viene coinvolto nei piani di Billy e Hans, che progettano sequestri canini. Le cose prendono una brutta piega quando l’adorato cagnolino del gangster Charlie scompare…','Film','4','2012','Regno Unito','110','Moviemax','https://image.tmdb.org/t/p/w1280/2f2Y85ZqiX5s58PJcHQPwWmrg9V.jpg','https://upload.wikimedia.org/wikipedia/it/5/5b/7_psicopatici.jpg','3','0','https://www.youtube.com/embed/elyMcNTxMDw');
INSERT INTO pellicola VALUES('12','Jojo Rabbit','Jojo, un bambino cresciuto dalla sola madre, ha come unico alleato il suo amico immaginario Adolf Hitler. Il suo ingenuo patriottismo viene però messo alla prova quando incontra una ragazzina che stravolge le sue convinzioni sul mondo, costringendolo ad affrontare le sue paure più grandi.','Film','4','2019','Stati Uniti d''America','108','Fox Searchlight Pictures','https://image.tmdb.org/t/p/w1280/2vv0tEFH10YG3hMRCOhiWsw7bOk.jpg','https://upload.wikimedia.org/wikipedia/it/thumb/f/f0/Jojo_Rabbit.png/520px-Jojo_Rabbit.png','4','0','https://www.youtube.com/embed/bv3mzvYh1r0');
INSERT INTO pellicola VALUES('13','Minority Report','Siamo nel 2054, a Washington, dove è stato messo a punto un sistema capace di prevedere i crimini, dunque prevenirli. Niente di particolarmente tecnologico: semplicemente tre umani dotati di capacità paranormali. Si chiamano pre-cog, da precognitives. Vivono in una piscina e hanno visioni che poi trasmettono a un secondo livello, a un^unità di pronto intervento, il cui eroe è John Anderton (Cruise). Ma ecco che i veggenti a un certo punto indicano proprio John come futuro omicida di un tale che non conosce. Dunque il detective comincia la caccia a se stesso, naturalmente cè la possibilità di qualche trucco, qualcuno per esempio potrebbe fabbricare non false prove, ma false visioni. Da qui una corsa contro il tempo, che è breve','Film','2','2002','Stati Uniti d''America','146','20th Century Fox','https://image.tmdb.org/t/p/w1280/8EUnGlnPlleaNHt5dLGPK5GubQT.jpg','https://upload.wikimedia.org/wikipedia/it/6/67/Minority_Report.png','3','0','https://www.youtube.com/embed/5f7NfrDPHEw');
INSERT INTO pellicola VALUES('14',"Don't Look Up","La dottoressa Kate Dibiasky, tirocinante presso un osservatorio astronomico, scopre che un bolide spaziale è diretto contro la Terra e la colpirà in sei mesi. Insieme al dottor Randall Mindy parte per un enorme tour mediatico per avvisare l'umanità della minaccia.",'Film','3','2021',"Stati Uniti d'America",'138','Netflix','https://image.tmdb.org/t/p/w1280/1U0P7NfbtHcw5LbwTxxmqsYqQD7.jpg','https://upload.wikimedia.org/wikipedia/it/2/22/DontLookUpimmagine.png','3','0','https://www.youtube.com/embed/DhYXSqz8H-o');
INSERT INTO pellicola VALUES('15','The Wolf of Wall Street',"Basato su una storia vera, The Wolf of Wall Street segue l’impressionante ascesa e la caduta di Jordan Belfort (interpretato dal tre volte candidato all’Academy Award® Leonardo DiCaprio), il broker di New York che conquista una fortuna incredibile truffando milioni di investitori. Il film segue la folle cavalcata di Belfort, un giovane “nuovo arrivato” a Wall Street che si trasforma via via in un corrotto manipolatore dei mercati e in un cowboy della Borsa. Avendo conquistato rapidamente una ricchezza enorme, Jordan la utilizza per comprarsi un’infinita gamma di afrodisiaci: donne, cocaina, automobili, la moglie supermodella e una vita leggendaria fatta di aspirazioni e acquisti senza limiti. Ma mentre la società di Belfort, la Stratton Oakmont, è sulla cresta dell’onda e sguazza nella gratificazione edonistica più estrema, la SEC e l’FBI tengono d’occhio il suo impero contrassegnato dagli eccessi.",'Film','3','2013',"Stati Uniti d'America",'180','01 Distribution','https://image.tmdb.org/t/p/w1280/hwg3pXw2m4HfRGbyRMIP8laf5Lf.jpg','https://upload.wikimedia.org/wikipedia/it/9/9d/The_Wolf_of_Wall_Street.png','4','0','https://www.youtube.com/embed/hzG93_Mo-ys');
INSERT INTO pellicola VALUES('16','3 Manifesti a Ebbing Missouri','Sono passati mesi e l’omicidio di sua figlia è rimasto irrisolto, così Mildred Hayes decide di smuovere le autorità, commissionando tre manifesti alle porte della sua città, ognuno dei quali grida un messaggio provocatorio e preciso, diretti a William Willoughby il venerato capo della polizia locale. Quando viene coinvolto anche il suo secondo ufficiale, Dixon, ragazzo immaturo e dal temperamento violento, la battaglia tra Mildred e le forze dell’ordine di Ebbing è dichiaratamente aperta.','Film','1','2017',"Stati uniti d'America",'115','20th Century Fox','https://image.tmdb.org/t/p/w1280/4BLkWnNHwGdcwkivXHBTuOH1hEO.jpg','https://upload.wikimedia.org/wikipedia/it/5/55/Tre_manifesti_a_Ebbing%2C_Missouri.png','4','0','https://www.youtube.com/embed/hSxEGQM8J6s');
INSERT INTO pellicola VALUES('17','House of Cards','Ambientato ai giorni nostri a Washington D.C., House of Cards è la storia di Frank Underwood, un democratico del quinto distretto congressuale della Carolina del Sud che, nonostante avesse sostenuto Garrett Walker come futuro Presidente degli Stati Uniti, viene silurato per la carica di Segretario di Stato. Decide allora di esigere la propria vendetta personale nei confronti dei vertici politici di Washington che lo hanno tradito.','Serie Tv','1','2013',"Stati Uniti d'America",'6','Netflix','https://m.media-amazon.com/images/M/MV5BNmM4ODU1MzItODYyYi00Y2U0LWFjZjItYTRhZWIwOGMyZTRhXkEyXkFqcGdeQXVyNjc2NTQ4Nzk@._V1_.jpg','https://upload.wikimedia.org/wikipedia/it/thumb/5/56/House_of_Cards.png/1200px-House_of_Cards.png','5','0','https://www.youtube.com/embed/Gluj9MTrw2c');
INSERT INTO pellicola VALUES('18','Breaking Bad',"Walter White è un professore di chimica di Albuquerque. Vive con la moglie Skyler, incinta della loro secondogenita, e il figlio Walter Jr, affetto da un handicap motorio che gli causa difficoltà nel linguaggio e che lo obbliga a camminare tramite delle stampelle. Alla soglia del compimento dei cinquant'anni, Walter è costretto a svolgere un secondo lavoro come dipendente di un autolavaggio, per far fronte alle difficoltà economiche previste dall'imminente nascita della figlia. A tutto questo si aggiunge il profondo senso di insoddisfazione di Walter, il quale deve sopportare le angherie del suo titolare, dei suoi amici ed anche quelle dei suoi familiari, che lo considerano una nullità. In particolare, suo cognato Hank, il quale lavora presso la DEA, non perde occasione per mettere a confronto la sua vita, estremamente dinamica ed avventurosa, con quella di Walter, totalmente priva di soddisfazione. Quando a Walter viene diagnosticato un cancro ai polmoni, i suoi problemi sembrano precipitare. Tuttavia, in seguito al casuale incontro con Jesse Pinkman, un suo ex-studente diventato uno spacciatore di poco conto, Walter decide di sfruttare le sue conoscenze chimiche per cucinare metanfetamina di elevata purezza, con i cui guadagni può assicurare un futuro economico alla sua famiglia.",'Serie Tv','1','2008',"Stati Uniti d'America",'5','AMC','https://image.tmdb.org/t/p/w1280/ggFHVNu6YYI5L9pCfOacjizRGt.jpg','https://occ-0-1567-34.1.nflxso.net/dnm/api/v6/E8vDc_W8CLv7-yMQu8KMEC7Rrr8/AAAABbFI2wcwiGkHDdGWaw58hWgLETOBsbqqv6GbKnZFn3s_Y4fjw0Ys9DNYD5txnfV3oj9tgsBeaSnPcBOwQqQnpHVqHeQr9FtvVzaL.jpg?r=776','5','0','https://www.youtube.com/embed/qqkYn5vND3U');
INSERT INTO pellicola VALUES('19','American Psycho','','','','','','','','','','0');
INSERT INTO pellicola VALUES('20','La grande scommessa','','','','','','','','','','0');
INSERT INTO pellicola VALUES('21','Il gladiatore','','','','','','','','','','0');
INSERT INTO pellicola VALUES('22','Blade Runner 2049','','','','','','','','','','0');
INSERT INTO pellicola VALUES('23','Il padrino','','','','','','','','','','0');
INSERT INTO pellicola VALUES('24','Bastardi senza gloria','','','','','','','','','','0');
INSERT INTO pellicola VALUES('25','La la land','','','','','','','','','','0');
INSERT INTO pellicola VALUES('26','Babylon','','','','','','','','','','0');
INSERT INTO pellicola VALUES('27','Mr Robot','','','','','','','','','','0');
INSERT INTO pellicola VALUES('28','Game of Thrones','','','','','','','','','','0');
INSERT INTO pellicola VALUES('29','True Detective','','','','','','','','','','0');
INSERT INTO pellicola VALUES('30','The Office','','','','','','','','','','0');
INSERT INTO pellicola VALUES('31','The Sopranos','','','','','','','','','','0');
INSERT INTO pellicola VALUES('32','Daredevil','','','','','','','','','','0','');
INSERT INTO pellicola VALUES('33','','','','','','','','','','','0','');
INSERT INTO pellicola VALUES('34','','','','','','','','','','','0','');
INSERT INTO pellicola VALUES('35','','','','','','','','','','','0','');
INSERT INTO pellicola VALUES('36','','','','','','','','','','','0','');
INSERT INTO pellicola VALUES('37','','','','','','','','','','','0','');
INSERT INTO pellicola VALUES('38','','','','','','','','','','','0','');
INSERT INTO pellicola VALUES('39','','','','','','','','','','','0','');
INSERT INTO pellicola VALUES('40','','','','','','','','','','','0','');
INSERT INTO pellicola VALUES('41','','','','','','','','','','','0','');
INSERT INTO pellicola VALUES('42','','','','','','','','','','','0','');
INSERT INTO pellicola VALUES('43','','','','','','','','','','','0','');
INSERT INTO pellicola VALUES('44','','','','','','','','','','','0','');
INSERT INTO pellicola VALUES('45','','','','','','','','','','','0','');
INSERT INTO pellicola VALUES('46','','','','','','','','','','','0','');
INSERT INTO pellicola VALUES('47','','','','','','','','','','','0','');
INSERT INTO pellicola VALUES('48','','','','','','','','','','','0','');
INSERT INTO pellicola VALUES('49','','','','','','','','','','','0','');


CREATE TABLE artista(
id INT PRIMARY KEY AUTO_INCREMENT,
foto_piccola VARCHAR(3000),
foto_media VARCHAR(3000),
foto_grande VARCHAR(3000),
nome VARCHAR(45) NOT NULL,
cognome VARCHAR(45) NOT NULL,
biografia VARCHAR(3000) NOT NULL,
mansione VARCHAR(45) NOT NULL,
data_nascita DATE NOT NULL,
nazione VARCHAR(45) NOT NULL
);

DROP TABLE artista;

INSERT INTO artista VALUES('1','','','https://image.tmdb.org/t/p/w600_and_h900_bestv2/3FRBEdKKlxhvPWPt0jzgmSjeHwn.jpg','Mathieu','Kassovitz','Nato da una famiglia di cineasti (la madre Chantal Rémy lavora come montatrice, mentre il padre Peter Kassovitz, ebreo che aveva lasciato l''Ungheria nel 1956, è regista e sceneggiatore), Mathieu Kassovitz esordisce come attore appena undicenne nel film Au bout du bout du banc, diretto dal padre, a cui seguono altre sporadiche apparizioni come attore. A diciassette anni lascia la scuola e inizia a lavorare come assistente alla regia. Dopo aver diretto alcuni cortometraggi, tra cui Cauchemar blanc (1991), premiato a Cannes, nel 1993 esordisce nel lungometraggio con Meticcio, che gli vale due nomination ai Premi César, per la miglior opera prima e come miglior promessa maschile.','Regista','1967-08-03','Francia');
INSERT INTO artista VALUES('2','','','https://image.tmdb.org/t/p/w600_and_h900_bestv2/ykBEiVh6YQ9UmMAYUiQkZBH3VV4.jpg','Vincent','Cassel','Figlio d''arte dell''attore e ballerino Jean-Pierre Cassel e della giornalista gastronomica Sabine Litique (sposata Sabine Cassel-Lanfranchi), di origini corse. Nasce e cresce nel quartiere di Montmartre. Nel 1980 sua madre si trasferisce con un amico del marito a New York per portare avanti la loro relazione, divorziando da Jean-Pierre. Lì Sabine lavora per la rivista Glamour e nel 1985 entra a far parte del gruppo di fondazione di Elle, prima di diventare consulente per grandi ristoranti.[1] Vincent vive quindi viaggiando, soprattutto tra Francia e Stati Uniti, imparando l''inglese e lavorando come assistente alla fotografia per la rivista co-fondata dalla madre. In gioventù studia canto e danza, diciassettenne si iscrive alla scuola circense di Annie Fratellini e dai sedici anni studia recitazione sia a New York che a Parigi.','Attore','1966-11-03','Francia');
INSERT INTO artista VALUES('3','','','https://image.tmdb.org/t/p/w600_and_h900_bestv2/nii46CtpR2AYPkl8fBKtbrffqQg.jpg','Hubert','Koundé','Hubert Koundé è nato in Francia da genitori del Benin, trascorrendo poi la sua infanzia tra i due paesi. Ha debuttato nel 1993 nel ruolo di Jamal nel film Metisse di Mathieu Kassovitz, regista che incontra nuovamente due anni dopo nel film La Haine (dove recita il ruolo di Hubert). Il film viene premiato nel 1995 con il Cesar come miglior film dell''anno. È anche autore di un''opera teatrale: Cagoule: Valentin et Yamina, messa in scena nel 2003. Ha realizzato due cortometraggi: Qui se ressemble s''assemble e Menhir e ha co-diretto un lungometraggio: Paris, la métisse. Ha anche lavorato a film in lingua inglese come The Constant Gardener.','Attore','1970-12-30','Francia');
INSERT INTO artista VALUES('4','','','https://image.tmdb.org/t/p/w600_and_h900_bestv2/984syohVxo99oIs0I19b5q0CmB3.jpg','Nabwana','IGG','Alan Hofmanis, un direttore di festival cinematografici, guardò su YouTube un trailer di Who Killed Captain Alex? e decise di visitare lo studio di Isaac Nabwana per produrre un documentario. Lo studio realizza gli oggetti di scena e le louma attraverso materiali di fortuna e attrezzi per il fai da te, come avveniva agli inizi di Hollywood.In Uganda, gli spettatori entrano in speciali sale dove i VJs narrano la storia durante la proiezione di un film, traducendo i dialoghi e aggiungendo il proprio commento - rendendo i film dei piccoli cult. Il film Bad Black è stato favorito dalla critica e dal pubblico al Seattle International Film Festival del 2017, arrivando ad essere proiettato per ben quattro volte. La sessione di domande al regista avvenne tramite Skype.','Produttore','2010-09-01','Uganda');
INSERT INTO artista VALUES('5','','','','William','Kakule','Kakule William è conosciuto per Who Killed Captain Alex? (2010) e Bad Black (2016).','Attore','1989-01-01','Uganda');
INSERT INTO artista VALUES('6','','','https://image.tmdb.org/t/p/w600_and_h900_bestv2/tKLJBqbdH6HFj2QxLA5o8Zk7IVs.jpg','Joon-Ho','Bong','Bong Joon-ho è un regista, sceneggiatore e produttore cinematografico sudcoreano. Considerato uno dei migliori registi sudcoreani, i suoi film sono spesso incentrati su tematiche sociali e presentano una unione tra generi cinematografici. Nel 2017 Metacritic ha posizionato Bong al numero 13 nella lista dei 25 migliori registi del XXI secolo.','Regista','1969-09-14','Corea del Sud');
INSERT INTO artista VALUES('7','','','https://image.tmdb.org/t/p/w600_and_h900_bestv2/dyWUKQlNyr7SUAjo58VZXvPODkr.jpg','Kang-Ho','Song','Mentre studia televisione al Busan Kyungsang College, si accosta al teatro sociale ed entra a far parte di una delle più importanti compagnie teatrali coreane. Il suo debutto cinematografico avviene nel 1996, nel film The Day a Pig Fell into the Well del regista Hong Sang-soo.','Attore','1967-01-17','Corea del Sud');
INSERT INTO artista VALUES('8','','','https://image.tmdb.org/t/p/w600_and_h900_bestv2/n7YWOoquBL9g3qEwQ2zvrQSW96L.jpg','Yeo-jeong','Cho','Nata e cresciuta a Seul, capitale della Corea del Sud, ha conseguito gli studi in arti teatrali e cinematografiche presso il prestigioso istituto Dongguk.È conosciuta in patria per i suoi ruoli da protagonista nei film The Servant (2010) e The Concubine (2012), e nella serie televisiva I Need Romance, mentre raggiunge la notorietà a livello internazionale nel 2019 quando viene presentato alla 72ª edizione del Festival di Cannes il film Parasite diretto da Bong Joon-ho, vincitore della Palma d''oro, in cui l''attrice interpreta il ruolo dell''ingenua Choi Yeon-kyo. Il film si è aggiudicato poi quattro Premi Oscar, ed è il primo lungometraggio non in lingua inglese a trionfare nella categoria di miglior film.','Attrice','1981-02-10','Corea del Sud');
INSERT INTO artista VALUES('9','','','https://image.tmdb.org/t/p/w600_and_h900_bestv2/e9lGmqQq3EsHeUQgQLByo275hcc.jpg','Orson','Welles','È considerato uno degli artisti più versatili e innovativi del Novecento in ambito teatrale, radiofonico e cinematografico. Conquistò il successo all''età di ventitré anni grazie allo spettacolo radiofonico La guerra dei mondi, trasmissione che scatenò il panico negli Stati Uniti, facendo credere alla popolazione di essere sotto attacco da parte dei marziani. Questo insolito debutto gli diede la celebrità e gli fece ottenere un contratto per un film all''anno con la casa di produzione cinematografica RKO, da realizzare con assoluta libertà artistica. Nonostante questa vantaggiosa clausola, solo uno dei progetti previsti poté vedere la luce: Quarto potere (1941), il più grande successo cinematografico di Welles, unanimemente considerato ancora oggi uno dei migliori film della storia del cinema','Regista','1985-10-10','USA');
INSERT INTO artista VALUES('10','','','https://image.tmdb.org/t/p/w600_and_h900_bestv2/djfCB0jPOgmq3w7RD3BMLzWsAu8.jpg','Joseph','Cotten','Nato a Petersburg in Virginia, primo dei tre figli di Joseph Chesire Cotten Sr., vice-direttore di un ufficio postale e Sally Wilson Cotten, dopo essersi diplomato a Washington, Cotten lavorò come agente pubblicitario e studiò recitazione alla Hickman School. Il suo successivo lavoro di critico teatrale lo coinvolse sempre più sul palcoscenico, dove partecipò a diverse produzioni, prima in Virginia e poi a New York, debuttando a Broadway nel 1930.','Attore','1905-05-15','USA');
INSERT INTO artista VALUES('11','','','https://image.tmdb.org/t/p/w600_and_h900_bestv2/oZCewbT89apDCvHvMHxYs9n8Llc.jpg','Dorothy','Comingore','È celebre per il personaggio di Susan Alexander nell''acclamato film Quarto Potere (1941) di Orson Welles.Durante gli anni trenta fu nota anche come Kay Winters e, in seguito, Linda Winters.','Attrice','1913-08-24','USA');
INSERT INTO artista VALUES('12','','','https://image.tmdb.org/t/p/w600_and_h900_bestv2/t3u1YkX8W5j95ZLnpREycgPu1x9.jpg','Massimo','Troisi','Massimo Troisi (San Giorgio a Cremano, 19 febbraio 1953 – Roma, 4 giugno 1994) è stato un attore, comico, regista, sceneggiatore e cabarettista italiano. Principale esponente della nuova comicità napoletana nata agli albori degli anni Settanta e soprannominato «il comico dei sentimenti» o il «Pulcinella senza maschera», è considerato uno dei maggiori interpreti nella storia del teatro e del cinema italiano.','Attore','1953-02-19','Italia');
INSERT INTO artista VALUES('13','','','https://image.tmdb.org/t/p/w600_and_h900_bestv2/noelOhwX1oaNSvU9NLKhPrHTFI3.jpg','Roberto','Benigni','Roberto Remigio Benigni (Castiglion Fiorentino, 27 ottobre 1952) è un attore, comico, regista e sceneggiatore italiano. Noto e popolare monologhista teatrale, dalla comicità ironica e dissacrante, è diventato personaggio pubblico tra i più conosciuti e apprezzati in Italia e nel mondo. Le sue interpretazioni cinematografiche e le sue apparizioni televisive mettono in scena un carattere gioioso e irruente, facendo leva, in quest''ultime, sulla sovversione del clima dei programmi di cui è ospite. Fra i numerosi riconoscimenti vale ricordare l''Oscar al miglior attore, conseguito nel 1999 per l''interpretazione nel film (da lui stesso diretto) La vita è bella; a cui segue un Oscar al miglior film straniero per la stessa pellicola. È stato l''unico interprete maschile italiano a ricevere l''Oscar come miglior attore protagonista recitando nel ruolo principale in un film in lingua straniera, dopo quello vinto da Anna Magnani nel 1956 e da Sophia Loren nel 1962. Nel 2021 ha ricevuto alla Mostra del cinema di Venezia Il Leone d''oro alla carriera.','Attore','1952-10-27','Italia');
INSERT INTO artista VALUES('14','','','https://image.tmdb.org/t/p/w600_and_h900_bestv2/tZxcg19YQ3e8fJ0pOs7hjlnmmr6.jpg','Steven','Spielberg','Steven Allan Spielberg (Cincinnati, 18 dicembre 1946) è un regista, sceneggiatore, produttore cinematografico e televisivo statunitense. Alcune opere di Spielberg sono tra le più popolari del cinema statunitense. È considerato uno dei cineasti più importanti e influenti: agli inizi della carriera è stato un componente dei movie brats, movimento che contribuì alla nascita della Nuova Hollywood degli anni settanta, assieme ai colleghi e amici George Lucas, Francis Ford Coppola, Martin Scorsese, Woody Allen e Stanley Kubrick.[1] Ha vinto due premi Oscar come miglior regista per Schindler''s List - La lista di Schindler (per il quale vinse anche la statuetta di miglior film[2]), e per Salvate il soldato Ryan. Ha inoltre ricevuto il Leone d''oro alla carriera alla Mostra internazionale d''arte cinematografica di Venezia del 1993. Nel 1987 ha vinto il Premio alla memoria Irving G. Thalberg. È inoltre il regista con maggiori incassi nella storia del cinema. È stato tra i fondatori della Amblin Entertainment e della DreamWorks (insieme a Jeffrey Katzenberg e David Geffen). Secondo Forbes è il 514° uomo più ricco del mondo, con un patrimonio netto di 4 miliardi di dollari. Spielberg è stato inserito al 26º posto nella lista dei 100 geni viventi stilata dal The Daily Telegraph.','Regista','1946-12-18','USA');
INSERT INTO artista VALUES('15','','','https://image.tmdb.org/t/p/w600_and_h900_bestv2/ActhM39LTxgx3tnJv3s5nM6hGD1.jpg','Harrison','Ford','Tra la fine degli anni 1970 e l''inizio degli anni 1990, ha partecipato ad alcuni dei film statunitensi di maggiore successo di quel periodo, ha lavorato per cineasti quali George Lucas, Phillip Noyce, Ridley Scott, Steven Spielberg e Peter Weir. Ha ricevuto una candidatura all''Oscar per il miglior attore per Witness - Il testimone nel 1986, quattro nomination ai Golden Globe e una ai Premi BAFTA. Molti dei personaggi interpretati da Ford consistono in eroi duri, decisi ma sempre lievemente autoironici, tra i quali i più noti sono il contrabbandiere spaziale Ian Solo nella serie di Guerre stellari, l''archeologo Indiana Jones nell''omonimo franchise, il cacciatore di replicanti Rick Deckard in Blade Runner e Blade Runner 2049, il detective John Book in Witness - Il testimone, l''analista della CIA, Jack Ryan, in Giochi di potere e Sotto il segno del pericolo e il chirurgo Richard Kimble ne Il fuggitivo.','Attore','1942-09-13','USA');
INSERT INTO artista VALUES('16','','','https://image.tmdb.org/t/p/w600_and_h900_bestv2/mJabHWZrjlFiF8U8Bbr8lSFtLX6.jpg','Charlton','Heston','Charlton Heston, nome d''arte di John Charles Carter (Evanston, 4 ottobre 1923 – Beverly Hills, 5 aprile 2008), è stato un attore, regista e attivista statunitense, noto interprete di colossal d''argomento biblico-storico, premio Oscar al miglior attore nel 1960 per Ben-Hur, nonché attore simbolo di molti film della fantascienza impegnata a cavallo tra la fine degli anni ''60 e i primi anni ''70.','Attore','1923-10-4','USA');
INSERT INTO artista VALUES('17','','','https://image.tmdb.org/t/p/w600_and_h900_bestv2/8qBylBsQf4llkGrWR3qAsOtOU8O.jpg','Tom','Cruise',"Tom Cruise, nato Thomas Cruise Mapother IV, è un attore e produttore cinematografico statunitense.La rivista Forbes lo classifica come una delle celebrità più famose al mondo nel 2006. Nella sua carriera da attore è stato candidato per tre volte ai Premi Oscar, nella categoria di miglior attore protagonista per Nato il quattro luglio e Jerry Maguire e di miglior attore non protagonista per Magnolia, vincendo tre Golden Globe per i tre film citati. La maggior parte della critica cinematografica lo considera tra le più grandi star dell'action di sempre",'Attore','1962-07-03','USA');
INSERT INTO artista VALUES('18','','','https://image.tmdb.org/t/p/w600_and_h900_bestv2/3iHqlaeSAQwJ0KraRKD1A4vBaCS.jpg','Colin','Farell',"È principalmente noto per i suoi ruoli nelle pellicole Minority Report (2002), Daredevil (2003), Miami Vice (2006), Sogni e delitti (2007), In Bruges - La coscienza dell'assassino (2008), 7 psicopatici (2012), The Lobster (2015), Il sacrificio del cervo sacro (2017), L'inganno (2017) e The Batman (2022). In ambito televisivo è conosciuto per il ruolo di Ray Velcoro nella serie televisiva antologica True Detective (2015).",'Attore','1976-05-31','Irlanda');
INSERT INTO artista VALUES('19','','','https://image.tmdb.org/t/p/w600_and_h900_bestv2/1gjcpAa99FAOWGnrUvHEXXsRs7o.jpg','Quentin','Tarantino',"Iniziò la sua carriera come regista all'inizio degli anni novanta, raggiungendo il successo di critica con il film di debutto Le iene. Con il successivo Pulp Fiction arrivò la consacrazione, vincendo la Palma d'oro al Festival di Cannes e conquistando l'Oscar per la miglior sceneggiatura originale ai Premi Oscar 1995 condiviso con Roger Avary, oltre a sette nomination. Nel 2004 fu presidente della giuria alla 57ª edizione del Festival di Cannes e nel 2010 alla 67ª Mostra internazionale d'arte cinematografica di Venezia. Il 24 febbraio 2013 si aggiudicò la sua seconda statuetta per la migliore sceneggiatura originale per il film Django Unchained ai Premi Oscar 2013. Dal 21 dicembre 2015, il suo nome è presente tra le celebrità della Hollywood Walk of Fame.",'Regista','1963-03-27','USA');
INSERT INTO artista VALUES('20','','','https://image.tmdb.org/t/p/w600_and_h900_bestv2/zABJmN9opmqD4orWl3KSdCaSo7Q.jpg','Ridley','Scott',"Sir Ridley Scott (South Shields, 30 novembre 1937) è un regista, produttore cinematografico e produttore televisivo britannico. Celebre per la sua cura ossessiva delle immagini e per la sua versatilità, Scott ha realizzato film di vario genere, spaziando dalla fantascienza di Alien, Blade Runner e Sopravvissuto - The Martian alla commedia di Il genio della truffa, dal thriller drammatico di Nessuna verità fino kolossal storici come Il gladiatore, Le crociate - Kingdom of Heaven, I duellanti, The Last Duel e Robin Hood, passando per l'acclamato mafiamovie American Gangster, per il cinema di guerra con Black Hawk Down - Black Hawk abbattuto e per il celebrato road movie Thelma & Louise. Ha ricevuto nella sua carriera molti riconoscimenti tra i quali la candidatura all'Oscar come miglior regista per Thelma e Louise, Il gladiatore e Black Hawk Down; molti suoi film hanno ottenuto diversi premi.",'Regista','1937-11-30','USA');
INSERT INTO artista VALUES('21','','','https://image.tmdb.org/t/p/w600_and_h900_bestv2/wo2hJpn04vbtmh0B9utCFdsQhxM.jpg','Leonardo','DiCaprio',"Leonardo Wilhelm DiCaprio è un attore, produttore cinematografico e attivista statunitense di origini italiane. Acclamato dalla critica per il suo lavoro in una vasta gamma di generi cinematografici, nel corso della sua carriera ha collaborato con James Cameron, Baz Luhrmann, Danny Boyle, Clint Eastwood, Christopher Nolan, Steven Spielberg, Ridley Scott, Sam Mendes, Sam Raimi, Woody Allen, Alejandro González Iñárritu, Quentin Tarantino e soprattutto con Martin Scorsese, con cui ha stretto un sodalizio professionale sin dal 2002, considerandolo il suo mentore.Iniziò la sua carriera apparendo in diversi spot televisivi nei primi anni novanta, per poi ricoprire piccoli ruoli in varie serie tv. Nel 1991 fece il suo debutto nel mondo del cinema con Critters 3, mentre nel 1994 ottenne la sua prima candidatura all'Oscar per la sua interpretazione in Buon compleanno Mr. Grape. Nel 2016 vinse l'Oscar come miglior attore per la sua interpretazione di Hugh Glass in Revenant - Redivivo di Iñárritu. Tra i vari riconoscimenti ottenuti figurano anche 6 candidature all'Oscar, 3 Golden Globe su 12 candidature e un premio BAFTA su 4 candidature.Nel 2014 fu nominato Messaggero della Pace dal segretario generale delle Nazioni Unite Ban Ki-moon, mentre nel 2016 fu inserito dalla rivista Time al primo posto tra le 100 persone più influenti del pianeta, nella categoria icona.",'Attore','1974-11-11','USA');
INSERT INTO artista VALUES('22','','','https://image.tmdb.org/t/p/w600_and_h900_bestv2/4AvYI0m1yxhHPFqb6ZdIqJj0SqB.jpg','Jennifer','Lawrence',"Jennifer Shrader Lawrence (Indian Hills, 15 agosto 1990) è un'attrice e produttrice statunitense. Dopo aver iniziato la carriera recitando nella sitcom statunitense The Bill Engvall Show (2007-2009), debutta al cinema con il film The Poker House (2008); il successivo The Burning Plain - Il confine della solitudine (2008) le fa aggiudicare il Premio Marcello Mastroianni alla 65ª Mostra internazionale d'arte cinematografica di Venezia. Lawrence viene successivamente acclamata dalla critica per Un gelido inverno (2010) per il quale ha ricevuto la sua prima nomination agli Oscar. Raggiunge la fama nei panni di Mystica nella saga Marvel X-Men (2011-2019) e di Katniss Everdeen (2012-2015) nell'epopea Hunger Games, adattamento cinematografico dei romanzi omonimi di Suzanne Collins. In particolare, la sua interpretazione di Katniss Everdeen ottiene il consenso della critica e la incorona come l'eroina d'azione con il maggior incasso di tutti i tempi. Nel 2012 la rivista Rolling Stone la definisce come ""la più talentuosa giovane attrice di tutta l'America"".Nel 2013 inizia il sodalizio artistico con il regista David O. Russell, che la dirige nel romantico Il lato positivo - Silver Linings Playbook, per il quale vince l'Oscar alla miglior attrice (facendo di lei la seconda più giovane attrice ad aver ricevuto questo riconoscimento), il Golden Globe per la migliore attrice in un film commedia o musicale e uno SAG Award. L'anno seguente si aggiudica il Golden Globe per la migliore attrice non protagonista e il BAFTA alla migliore attrice non protagonista per American Hustle - L'apparenza inganna, ricevendo anche la sua terza nomination agli Oscar nella medesima categoria. Nel 2016 conquista il suo terzo Golden Globe e la sua quarta candidatura agli Oscar come miglior attrice protagonista per l'interpretazione di Joy Mangano nel film biografico Joy, diventando la prima attrice a ricevere quattro candidature entro i 25 anni.",'Attrice','1990-08-15','USA');
INSERT INTO artista VALUES('23','','','https://image.tmdb.org/t/p/w600_and_h900_bestv2/bGyOCCOIgcIyKjOGLoXoyp0XWHf.jpg','James','Caan',"James Edmund Caan (New York, 26 marzo 1940 – Los Angeles, 6 luglio 2022) è stato un attore statunitense.È maggiormente conosciuto per l'interpretazione di Santino Sonny Corleone, rabbioso e violento primogenito di Don Vito Corleone, nel film Il padrino (1972) diretto da Francis Ford Coppola, per la quale ricevette una candidatura al premio Oscar per il miglior attore non protagonista e al Golden Globe per il miglior attore non protagonista.È inoltre apparso in diversi film di successo, tra cui Doringo! (1965), El Dorado (1966), Conto alla rovescia (1968), Non torno a casa stasera (1969), La canzone di Brian (1971), 40.000 dollari per non morire (1974), Funny Lady (1975), Rollerball (1975), Quell'ultimo ponte (1977), Strade violente (1981), Misery non deve morire (1990), Giorni di gloria... giorni d'amore (1991), Omicidi di provincia (1993), L'eliminatore - Eraser (1996), Marlowe - Omicidio a Poodle Springs (1998) e Dogville (2003). Tra il 2003 e il 2007 ha interpretato il protagonista "'Big Ed'" Deline nella serie televisiva Las Vegas. Oltre alle già citate candidature per Il padrino, ne ricevette altre tre al Golden Globe per Doringo!, 40.000 dollari per non morire[8] e Funny Lady, due agli Emmy per La canzone di Brian e Gioventù ribelle. Nel 1976 vinse un Saturn Award per la sua performance in Rollerball e fu candidato nel 1992 per Misery non deve morire.",'Attore','1940-03-26','USA');
INSERT INTO artista VALUES('24','','','https://image.tmdb.org/t/p/w600_and_h900_bestv2/qZRTzTjV4OC1Ii9a0n8QBS9zMOd.jpg','Kathy','Bates',"Kathleen Doyle Bates (Memphis, 28 giugno 1948) è un'attrice e regista statunitense.È salita alla ribalta con il ruolo della psicopatica Annie Wilkes in Misery non deve morire (1990), per il quale ha vinto l'Oscar alla miglior attrice e il Golden Globe per la migliore attrice in un film drammatico. Nel 1998, l'American Film Institute inserisce la sua interpretazione al 17º posto nella classifica dei 50 migliori cattivi del cinema statunitense.Ha ricevuto altre tre candidature agli Oscar come miglior attrice non protagonista per le sue interpretazioni ne I colori della vittoria (1998), A proposito di Schmidt (2002) e Richard Jewell (2019).In campo televisivo, ha ricevuto 14 candidature agli Emmy, di cui 3 vittorie per i suoi ruoli nelle serie televisive Due uomini e mezzo e American Horror Story e per il miglior programma storico/culturale per The Legend of Pancho Barnes and the Happy Bottom Riding Club. Attiva anche in campo teatrale è stata candidata al Tony Award alla miglior attrice protagonista in un'opera teatrale per il dramma Premio Pulitzer 'night Mother in scena a Broadway, oltre ad aver vinto l'Obie Award per la sua interpretazione nella commedia Frankie and Johnny in the Clair de Lune.",'Attrice','','');
INSERT INTO artista VALUES('25','','','https://image.tmdb.org/t/p/w600_and_h900_bestv2/dlVRkUYKyZdJ39AN55cY1LoyXAP.jpg','Kevin','Spacey',"Kevin Spacey Fowler (South Orange, 26 luglio 1959) è un attore e produttore cinematografico statunitense con cittadinanza britannica.Nel corso della sua carriera ha vinto per due volte il Premio Oscar, nel 1996 come miglior attore non protagonista per I soliti sospetti e nel 2000 come miglior attore protagonista per American Beauty, performance che gli ha fruttato anche il Premio BAFTA e lo Screen Actors Guild. Dal 2013 al 2017 ha interpretato il ruolo di Frank Underwood, il protagonista dell'acclamata serie televisiva House of Cards - Gli intrighi del potere, grazie al quale ha vinto un Golden Globe, due Screen Actors Guild Award e ha ottenuto cinque nomination consecutive al Premio Emmy. Apprezzato interprete teatrale, Spacey ha ricoperto alcuni dei più importanti ruoli del repertorio classico e moderno sulle scene di Broadway e del West End, vincendo anche un Tony Award e un Laurence Olivier Award per le sue interpretazioni a teatro.",'Attore','1959-07-26','USA');
INSERT INTO artista VALUES('26','','','','Sam','Rockwell','','Attore','','');
INSERT INTO artista VALUES('27','','','','Woody','Harrelson','','Attore','','');
INSERT INTO artista VALUES('28','','','','Ryan','Gosling','','Attore','','');
INSERT INTO artista VALUES('29','','','','Brad','Pitt','','Attore','','');
INSERT INTO artista VALUES('30','','','','Steve','Carell','','Attore','','');
INSERT INTO artista VALUES('31','','','','Christian','Bale','','Attore','','');
INSERT INTO artista VALUES('32','','','','Robin','Wright','','Attore','','');
INSERT INTO artista VALUES('33','','','','Emma','Stone','','Attore','','');
INSERT INTO artista VALUES('34','','','','Margot','Robbie','','Attore','','');
INSERT INTO artista VALUES('35','','','','Christopher','Walken','','Attore','','');
INSERT INTO artista VALUES('36','','','','Steve',' Buscemi','','Attore','','');
INSERT INTO artista VALUES('37','','','','Tim','Roth','','Attore','','');
INSERT INTO artista VALUES('38','','','','Harvey','Keitel','','Attore','','');
INSERT INTO artista VALUES('39','','','','Michael','Madsen','','Attore','','');
INSERT INTO artista VALUES('40','','','','Roman Griffin','Davis','','Attore','','');
INSERT INTO artista VALUES('41','','','','Thomasin','McKenzie','','Attore','','');
INSERT INTO artista VALUES('42','','','','Scarlett ','Johansson','','Attore','','');
INSERT INTO artista VALUES('43','','','','Taika','Waititi','','Regista','','');
INSERT INTO artista VALUES('44','','','','Alfie','Allen','','Attore','','','','');
INSERT INTO artista VALUES('45','','','','Frances','McDormand','','Attore','','','','');
INSERT INTO artista VALUES('46','','','','Peter','Dinklage','','Attore','','','','');
INSERT INTO artista VALUES('47','','','','Adam','Driver','','Attore','','','','');
INSERT INTO artista VALUES('48','','','https://image.tmdb.org/t/p/w600_and_h900_bestv2/emAAzyK1rJ6aiMi0wsWYp51EC3h.jpg','Meryl','Streep',"Meryl Streep, all'anagrafe Mary Louise Streep (Summit, 22 giugno 1949), è un'attrice statunitense.Acclamata dalla critica sin dai suoi esordi negli anni settanta e in grado di spaziare tra generi cinematografici diversi, Meryl Streep è riconosciuta come una delle migliori attrici della storia del cinema e detiene il record di candidature ai premi Oscar nelle categorie riservate alla recitazione (nel suo caso, Miglior attrice e Miglior attrice non protagonista), pari a un totale di 21 nomination. Ha vinto il premio per tre volte, una come migliore attrice non protagonista, per Kramer contro Kramer (1979), e due come migliore attrice protagonista, per La scelta di Sophie (1982) e per The Iron Lady (2011), divenendo quindi, assieme a Ingrid Bergman e Frances McDormand, la seconda donna con più premi per la recitazione nella storia degli Oscar, preceduta dalla sola Katharine Hepburn (che ne vinse quattro). È inoltre l'unica attrice ad essere stata nominata ai premi Oscar per film prodotti in cinque decenni diversi (anni settanta, ottanta, novanta, duemila e duemiladieci) e una delle sole sette interpreti (insieme a Helen Hayes, Ingrid Bergman, Maggie Smith, Jessica Lange, Cate Blanchett e Renée Zellweger) che hanno vinto il premio Oscar sia come migliore attrice sia come migliore attrice non protagonista.Detiene il record di 31 candidature ai Golden Globe, e di 9 vittorie (di cui uno alla carriera). Ha ricevuto il premio AFI Life Achievement nel 2004, il Kennedy Center Honor nel 2011 e il Golden Globe alla carriera nel 2017 per il suo contributo alla cultura americana attraverso le arti dello spettacolo.",'Attrice','1949-06-22','USA');
INSERT INTO artista VALUES('49','','','https://image.tmdb.org/t/p/w600_and_h900_bestv2/vOyZXNJq7Oo01LPtSD5AZHjctgH.jpg','Adam','McKay',"Adam McKay nasce a Philadelphia nel 1968, con la vocazione dell'attore comico. Fonda il gruppo di improvvisazione teatrale Uptight Citizens Brigade, tra i cui membri c'è anche Amy Poehler e con cui si esibisce all'Improv Olympic di Chicago. Passa poi alla celeberrima compagnia teatrale Second City (dai cui ranghi è uscita gente come John Belushi e Bill Murray). E' sempre in veste di attore che McKay si presenta al Saturday Night Live, dove viene invece assunto come scrittore di sketch, dal 1995 al 2001. Per tre stagioni dello show è anche autore capo. Dirige anche numerosi corti per il SNL e appare diverse volte davanti alle telecamere, spesso nei panni di Keith, uno spettatore maleducato che insulta le star durante i loro monologhi d'apertura.Il debutto al cinema come sceneggiatore e regista (e con ruoli cammeo in questo e nei film successivi) avviene assieme a Will Ferrell con Anchorman - La leggenda di Ron Burgundy, del 2004, seguito da Fratellastri a 40 anni (2008), I poliziotti di riserva (2010) e Anchorman 2 (2013). Con Ferrell fonda anche il canale internet Funny or Die, per cui scrive e dirige numerosi corti.",'Regista','1968-04-17','USA');
INSERT INTO artista VALUES('50','','','https://image.tmdb.org/t/p/w600_and_h900_bestv2/5aE4GgJADHzN1QsS6zkzElZSEYq.jpg','Jonah','Hill',"Jonah Hill Feldstein (Los Angeles, 20 dicembre 1983) è un attore, comico, sceneggiatore, produttore cinematografico e regista statunitense.È principalmente noto per i suoi ruoli comici nei film Suxbad - Tre menti sopra il pelo (2007), Non mi scaricare (2008), 21 Jump Street (2012) e Facciamola finita (2013). Ha inoltre ricoperto ruoli drammatici come in L'arte di vincere (2011) e The Wolf of Wall Street (2013) per i quali ha ricevuto due candidature al Premio Oscar come miglior attore non protagonista.Nel 2018 fa il suo debutto come regista con la pellicola Mid90s, apprezzato sia dalla critica che dal pubblico.",'Attore','1983-12-20','USA');
INSERT INTO artista VALUES('51','','','https://image.tmdb.org/t/p/w600_and_h900_bestv2/vUuEHiAR0eD3XEJhg2DWIjymUAA.jpg','Cate','Blanchett',"Catherine Elise Blanchett, detta Cate (Melbourne, 14 maggio 1969), è un'attrice e produttrice cinematografica australiana con cittadinanza statunitense.Si è imposta all'attenzione internazionale per il ruolo di Elisabetta I d'Inghilterra in Elizabeth (1998), per il quale ha ottenuto la sua prima nomination agli Oscar, e soprattutto per avere interpretato il ruolo di Galadriel nella trilogia de Il Signore degli Anelli, diretta da Peter Jackson, ruolo poi ripreso in Lo Hobbit.Nel 2005 vince l'Oscar alla miglior attrice non protagonista per la sua interpretazione di Katharine Hepburn in The Aviator di Martin Scorsese; nel 2014 si aggiudica l'Oscar alla miglior attrice per Blue Jasmine di Woody Allen. Così facendo, è diventata una delle sette attrici nella storia (insieme a Helen Hayes, Ingrid Bergman, Maggie Smith, Meryl Streep, Jessica Lange e Renée Zellweger) ad avere vinto il premio Oscar sia come migliore attrice protagonista sia come migliore attrice non protagonista; contestualmente è diventata la prima persona di nazionalità australiana ad avere vinto due Premi Oscar nelle categorie riservate alla recitazione. Nel 2020 è stata presidente della giuria del Festival del Cinema di Venezia.È stata candidata in totale otto volte agli Oscar: ha ricevuto la nomination anche per Diario di uno scandalo (2006), Elizabeth: The Golden Age (2007), Io non sono qui (2007), Carol (2015) e Tár (2022). Ha ricevuto numerosi altri riconoscimenti, tra cui quattro Golden Globe, tre premi BAFTA, tre Screen Actors Guild Awards, tre Critics Choice Awards e due Coppa Volpi al Festival di Venezia. È stata nominata cavaliere dell'Ordre des arts et des lettres dal governo francese nel 2012. Nel 2015 è stata premiata dal Museum of Modern Art e ha ricevuto il BFI alla carriera in riconoscimento del suo eccezionale contributo al settore del cinema. Nel 2017 è stata nominata, dalla Regina Elisabetta II, compagno dell'Ordine dell'Australia per i servizi resi in ambito artistico, umanitario e a sostegno dell'ambiente. La rivista Time ha nominato Blanchett una delle cento persone più influenti al mondo nel 2007 e nel 2018 è stata classificata tra le attrici più pagate al mondo. È considerata una delle migliori attrici della sua generazione.",'Attrice','1969-05-14','Australia');
INSERT INTO artista VALUES('52','','','https://image.tmdb.org/t/p/w600_and_h900_bestv2/bztEZRyXrvW3Pg1fexNASXlZrq7.jpg','Mark','Rylance',"Rylance è noto soprattutto come interprete teatrale, sia di classici shakespeariani, sia di opere moderne, ed è stato il direttore artistico del Globe Theatre dal 1995 al 2005. Per il suoi ruoli in teatro ha vinto due Tony Award e due Olivier Award. In televisione, ha vinto nel 2005 il suo primo BAFTA Award e nel 2015 ha interpretato Thomas Cromwell nella mini-serie tv Wolf Hall, da cui è stato candidato agli Emmy Award, Golden Globe e SAG Award.Nel 2001 è stato protagonista, assieme a Kerry Fox, del film Intimacy - Nell'intimità, vincitore dell'Orso d'oro al Festival di Berlino. Nel 2015 ha interpretato Rudol'f Abel' ne Il ponte delle spie di Steven Spielberg, ruolo che gli è valso l'Oscar al miglior attore non protagonista nel 2016, il BAFTA Award e una nomination agli Screen Actors Guild Award e ai Golden Globe, sempre come miglior attore non protagonista. Nel 2016 è stato nuovamente diretto da Spielberg nel film fantasy Il GGG - Il grande gigante gentile. Nel 2017 è stato diretto dal suo connazionale Christopher Nolan in Dunkirk, film storico sulla battaglia di Dunkerque, insieme ad attori quali Tom Hardy, Cilian Murphy e Kenneth Branagh.[4]Torna di nuovo sul grande schermo nel 2018 con il film di fantascienza distopico Ready Player One, ancora una volta sotto la regia di Steven Spielberg. Nel film interpreta il cofondatore dell'universo virtuale Oasis, J.D. Halliday, uomo schivo e con evidenti disturbi depressivi oltre che forti problemi sociali, che alla sua morte lancia una sfida a tutti i giocatori per conquistare la proprietà del gioco. Nello stesso anno torna a recitare al Globe Theatre nel ruolo di Iago in Otello, per la regia di Claire van Kampen.[5]",'Attore','1960-01-18','Gran Bretagna');
INSERT INTO artista VALUES('53','','','','Timothée','Chalamet',"",'','','');
INSERT INTO artista VALUES('54','','','','Rob','Morgan',"",'','','');
INSERT INTO artista VALUES('55','','','','Mahershala','Ali',"",'','','');
INSERT INTO artista VALUES('56','','','https://image.tmdb.org/t/p/w600_and_h900_bestv2/zizbtrRr1mKdiMoFPqlmybgfDHr.jpg','Bryan','Cranston','Bryan Lee Cranston (Los Angeles, 7 marzo 1956) è un attore, regista, produttore cinematografico e sceneggiatore statunitense. È noto principalmente per aver interpretato il ruolo di Tim Whatley nella sitcom Seinfeld (1989-1998), quello di Hal nella sitcom Malcolm (2000-2006) e quello di Walter White nella serie televisiva Breaking Bad (2008-2013), che gli è valso quattro premi Emmy e un premio Golden Globe. Cranston ha vinto due Tony Award come miglior attore in un''opera teatrale, per l''interpretazione di Lyndon B. Johnson nello spettacolo di Broadway All the Way nel 2014 e per l''opera Network nel 2019. Nel 2016 ha ottenuto la candidatura al premio Oscar come miglior attore protagonista, per l''interpretazione di Dalton Trumbo nel film biografico L''ultima parola - La vera storia di Dalton Trumbo (2015).','Attore','1956-03-07','USA');
INSERT INTO artista VALUES('57','','','https://image.tmdb.org/t/p/w600_and_h900_bestv2/lowE44ffgu4UmnOT3wOTKYhtUzp.jpg','Aaron','Paul','Aaron Paul, nato Aaron Paul Sturtevant (Emmett, 27 agosto 1979), è un attore statunitense. È conosciuto principalmente per il ruolo di Jesse Pinkman nell''acclamata serie televisiva Breaking Bad, con il quale si è aggiudicato tre Premi Emmy come miglior attore non protagonista in una serie drammatica ed ottenuto una candidatura al Golden Globe.','Attore','1979-08-27','USA');
INSERT INTO artista VALUES('58','','','https://image.tmdb.org/t/p/w600_and_h900_bestv2/adppyeu1a4REN3khtgmXusrapFi.jpg','Anna','Gunn','Anna Gunn (Cleveland, 11 agosto 1968) è un''attrice statunitense. È nota soprattutto per il ruolo di Skyler White nell''acclamata serie televisiva Breaking Bad (2008-2013), per il quale ha vinto due Premi Emmy come miglior attrice non protagonista in una serie televisiva.','Attrice','1968-08-11','USA');
INSERT INTO artista VALUES('59','','','https://image.tmdb.org/t/p/w600_and_h900_bestv2/yV3DZ52LYRf5F605xRas5BEcJrZ.jpg','Dean','Norris','Dean Joseph Norris (South Bend, 8 aprile 1963) è un attore statunitense, conosciuto principalmente per il ruolo di Hank Schrader, agente della DEA nella serie televisiva Breaking Bad e per quello di "Big Jim" Rennie nella serie televisiva Under the Dome.','Attore','1963-04-08','USA');
INSERT INTO artista VALUES('60','','','https://image.tmdb.org/t/p/w600_and_h900_bestv2/rF0Lb6SBhGSTvjRffmlKRSeI3jE.jpg','Bob','Odenkirk','Robert John Odenkirk (Berwyn, 22 ottobre 1962) è un attore, comico, sceneggiatore e regista statunitense. È noto soprattutto per aver interpretato l''avvocato Saul Goodman nella famosa serie televisiva Breaking Bad e nel suo spin-off Better Call Saul, oltre ad aver recitato anche in The Larry Sanders Show e per aver co-ideato e co-interpretato il programma televisivo Mr. Show with Bob and David prodotto da HBO. Negli anni ottanta e novanta ha lavorato come sceneggiatore per diversi programmi televisivi, tra cui Saturday Night Live, Late Night with Conan O''Brien, The Ben Stiller Show e The Dennis Miller Show. A metà degli anni novanta, Odenkirk e David Cross hanno ideato il programma televisivo a sketch Mr. Show, che è andato in onda per quattro stagioni ed è stato candidato a quattro premi Emmy. Nei primi anni duemila Odenkirk ha prodotto le serie televisive Tom Goes to the Mayor e Tim and Eric Awesome Show, Great Job!. Inoltre ha diretto tre film: Melvin Goes to Dinner (2003), Let''s Go to Prison (2006) e I fratelli Solomon (2007).','Attore','1962-10-22','USA');
INSERT INTO artista VALUES('61','','','https://image.tmdb.org/t/p/w600_and_h900_bestv2/lBvDQZjxhIGMbH61iHnqerpbqHc.jpg','Giancarlo','Esposito','Giancarlo Giuseppe Alessandro Esposito (Copenaghen, 26 aprile 1958) è un attore statunitense con cittadinanza italiana. È conosciuto soprattutto per l''interpretazione di Gus Fring nella serie televisiva Breaking Bad e nel suo spin-off Better Call Saul, che gli sono valse tre nomination agli Emmy, e per quelle di Tom Neville in Revolution e di Moff Gideon in The Mandalorian.','Attore','1958-04-26','USA');
INSERT INTO artista VALUES('62','','','https://image.tmdb.org/t/p/w600_and_h900_bestv2/uFh3OrBvkwKSU3N5y0XnXOhqBJz.jpg','Vince','Gilligan','George Vincent "Vince" Gilligan Jr. (Richmond, 10 febbraio 1967) è uno sceneggiatore, regista e produttore televisivo statunitense, noto soprattutto per aver ideato la serie televisiva Breaking Bad e il suo spin-off Better Call Saul, oltre ad aver lavorato come regista e sceneggiatore di alcuni episodi di X-Files.','Produttore Esecutivo','1967-02-10','USA');
INSERT INTO artista VALUES('63','','','https://i.ibb.co/N78Q0d0/photo-5956314681532594525-y.jpg','Samuele','Tassinari','Godo','Capo di tutti','3000-12-25','Reggio Calabria');
INSERT INTO artista VALUES('64','','','https://i.ibb.co/ZB2Ftcj/photo-5956314681532594523-y.jpg','Samunari','Tassiele','Godo','Capo di tutti','3000-12-25','Reggio Calabria');
INSERT INTO artista VALUES('65','','','https://i.ibb.co/CM61ptW/photo-5956314681532594522-y.jpg','Tamuele','Sassinari','Godo','Capo di tutti','3000-12-25','Reggio Calabria');
INSERT INTO artista VALUES('66','','','',' ','','','','','');
INSERT INTO artista VALUES('67','','','',' ','','','','','');
INSERT INTO artista VALUES('68','','','',' ','','','','','');
INSERT INTO artista VALUES('69','','','',' ','','','','','');
INSERT INTO artista VALUES('70','','','',' ','','','','','');
INSERT INTO artista VALUES('71','','','',' ','','','','','');
INSERT INTO artista VALUES('72','','','',' ','','','','','');
INSERT INTO artista VALUES('73','','','',' ','','','','','');
INSERT INTO artista VALUES('74','','','',' ','','','','','');
INSERT INTO artista VALUES('75','','','',' ','','','','','');
INSERT INTO artista VALUES('76','','','',' ','','','','','');
INSERT INTO artista VALUES('77','','','',' ','','','','','');
INSERT INTO artista VALUES('78','','','',' ','','','','','');
INSERT INTO artista VALUES('79','','','',' ','','','','','');


CREATE TABLE genere(
id INT PRIMARY KEY AUTO_INCREMENT,
nome VARCHAR(45) UNIQUE NOT NULL
);

DROP TABLE genere;

INSERT INTO genere VALUES('1','Drammatico');
INSERT INTO genere VALUES('2','Azione');
INSERT INTO genere VALUES('3','Commedia');
INSERT INTO genere VALUES('4','Comico');
INSERT INTO genere VALUES('5','Avventura');
INSERT INTO genere VALUES('6','Fantascienza');
INSERT INTO genere VALUES('7','Thriller');

CREATE TABLE filmografia(
id INT PRIMARY KEY AUTO_INCREMENT,
id_artista INT NOT NULL REFERENCES artista(id),
id_pellicola INT NOT NULL REFERENCES pellicola(id)
);

DROP TABLE filmografia;

INSERT INTO filmografia VALUES('1','1','1');
INSERT INTO filmografia VALUES('2','2','1');
INSERT INTO filmografia VALUES('3','3','1');
INSERT INTO filmografia VALUES('4','4','6');
INSERT INTO filmografia VALUES('5','5','6');
INSERT INTO filmografia VALUES('6','6','3');
INSERT INTO filmografia VALUES('7','7','3');
INSERT INTO filmografia VALUES('8','8','3');
INSERT INTO filmografia VALUES('9','9','4');
INSERT INTO filmografia VALUES('10','10','4');
INSERT INTO filmografia VALUES('11','11','4');
INSERT INTO filmografia VALUES('12','12','5');
INSERT INTO filmografia VALUES('13','13','5');
INSERT INTO filmografia VALUES('14','14','2');
INSERT INTO filmografia VALUES('15','15','2');
INSERT INTO filmografia VALUES('16','16','8');
INSERT INTO filmografia VALUES('17','17','13');
INSERT INTO filmografia VALUES('18','18','11');
INSERT INTO filmografia VALUES('19','19','10');
INSERT INTO filmografia VALUES('20','19','24');
INSERT INTO filmografia VALUES('21','20','21');
INSERT INTO filmografia VALUES('22','21','14');
INSERT INTO filmografia VALUES('23','21','15');
INSERT INTO filmografia VALUES('24','48','14');
INSERT INTO filmografia VALUES('25','22','14');
INSERT INTO filmografia VALUES('26','49','14');
INSERT INTO filmografia VALUES('27','50','14');
INSERT INTO filmografia VALUES('28','51','14');
INSERT INTO filmografia VALUES('30','56','18');
INSERT INTO filmografia VALUES('31','57','18');
INSERT INTO filmografia VALUES('32','58','18');
INSERT INTO filmografia VALUES('33','59','18');
INSERT INTO filmografia VALUES('34','60','18');
INSERT INTO filmografia VALUES('35','61','18');
INSERT INTO filmografia VALUES('29','62','18');
INSERT INTO filmografia VALUES('36','63','18');
INSERT INTO filmografia VALUES('37','64','7');
INSERT INTO filmografia VALUES('38','65','6');
INSERT INTO filmografia VALUES('39','14','13');
INSERT INTO filmografia VALUES('40','18','13');
INSERT INTO filmografia VALUES('41','52','14');
INSERT INTO filmografia VALUES('42','23','9');
INSERT INTO filmografia VALUES('43','','');
INSERT INTO filmografia VALUES('44','','');
INSERT INTO filmografia VALUES('45','','');
INSERT INTO filmografia VALUES('46','','');
INSERT INTO filmografia VALUES('47','','');
INSERT INTO filmografia VALUES('48','','');
INSERT INTO filmografia VALUES('49','','');
INSERT INTO filmografia VALUES('50','','');
INSERT INTO filmografia VALUES('51','','');
INSERT INTO filmografia VALUES('52','','');
INSERT INTO filmografia VALUES('53','','');
INSERT INTO filmografia VALUES('54','','');
INSERT INTO filmografia VALUES('55','','');
INSERT INTO filmografia VALUES('56','','');
INSERT INTO filmografia VALUES('57','','');
INSERT INTO filmografia VALUES('58','','');
INSERT INTO filmografia VALUES('59','','');
INSERT INTO filmografia VALUES('60','','');
INSERT INTO filmografia VALUES('61','','');
INSERT INTO filmografia VALUES('62','','');












CREATE TABLE recensione(
id INT PRIMARY KEY AUTO_INCREMENT,
descrizione VARCHAR(3000) NOT NULL,
voto INT NOT NULL,
id_utente INT NOT NULL REFERENCES utente(id),
id_pellicola INT NOT NULL REFERENCES pellicola(id),
data_recensione DATE NOT NULL,
UNIQUE(id_utente,id_pellicola)
);

DROP TABLE recensione;

INSERT INTO recensione VALUES('1','Basta un tuffo nelle venti ore nella giornata di questi ragazzi, che dalla banlieue si ritrovano nel cuore di una delle città più belle del mondo, per cogliere a pieno tutti i loro sentimenti e il loro senso di impotenza. Lo sanno anche loro, quando si dicono che, dopotutto, non hanno niente da perdere. Nonostante questa consapevolezza della propria condizione, rimane ancora vivo l''istinto di sopravvivenza, la voglia di non cadere e riuscire a finire dalla parte dei giusti, garantirsi uno spiraglio di salvezza.','5','1','1','2023-01-10');
INSERT INTO recensione VALUES('2','Devo ancora finirlo ma so già che è un capolavoro assoluto','4','5','1','2023-01-17');
INSERT INTO recensione VALUES('3','è bruttissimo ma allo stesso tempo è semplicemente bellissimo','5','6','6','2023-01-03');
INSERT INTO recensione VALUES('4','Il miglior film di sempre','5','3','3','2022-10-27');
INSERT INTO recensione VALUES('5','Bello ma a mio parere sopravvalutato','3','4','4','2022-11-15');
INSERT INTO recensione VALUES('6','Pellicola geniale di un racconto potente, la storia della irresistibile ascesa di Charles Foster Kane, magnate della stampa e la spiegazione di una vita.','4','2','4','2022-08-06');
INSERT INTO recensione VALUES('7','Geniale, non ho mai riso così tanto in vita mia','4','6','5','2022-12-04');
INSERT INTO recensione VALUES('8','La scena con Leonardo DaVinci è spettacolare','5','5','5','2023-01-01');
INSERT INTO recensione VALUES('9','Sicuramente il migliore degli Indiana Jones!!','4','3','2','2022-02-11');
INSERT INTO recensione VALUES('10','Boh, a me non è piaciuto per niente, noiosissimo','2','4','2','2022-03-19');
INSERT INTO recensione VALUES('11','un capolavoro della fantascienza, purtroppo sottovalutato','5','1','8','2023-01-18');
INSERT INTO recensione VALUES('12','Consigliato solo per il plot-twist finale','3','2','8','2021-09-16');
INSERT INTO recensione VALUES('13','Che dire, un must per gli appassionati di cinema','5','5','9','2021-04-09');
INSERT INTO recensione VALUES('14','Non il mio preferito di Tarantino','3','3','10','2023-01-09');
INSERT INTO recensione VALUES('15','Varrebbe la pena anche solo per la scena cult di Mr.White','5','4','10','2021-01-23');



CREATE TABLE utente(
id INT PRIMARY KEY AUTO_INCREMENT,
nome VARCHAR(45) NOT NULL,
cognome VARCHAR(45) NOT NULL,
nazionalita VARCHAR(45) NOT NULL,
username VARCHAR(45) UNIQUE NOT NULL,
password VARCHAR(45) NOT NULL
);

DROP TABLE utente;

INSERT INTO utente VALUES('1','Irene','Mikeron','giapponese','IreneMik','a123');
INSERT INTO utente VALUES('2','Alberto','Pitzalis','georgiano','AlbPit','b456');
INSERT INTO utente VALUES('3','Mohamed','Zakri','marocchino','MedZakri','c789');
INSERT INTO utente VALUES('4','Vincenzo','Santoro','svizzero','VinSan','d101112');
INSERT INTO utente VALUES('5','Domenico','Chimienti','olandese','mngucc','e131415');
INSERT INTO utente VALUES('6','Samuele','Tassinari','italiano','SamuNari','f161718');


CREATE TABLE watchlist(
	id INT PRIMARY KEY AUTO_INCREMENT,
	id_utente INT NOT NULL REFERENCES utente(id),
	id_pellicola INT NOT NULL REFERENCES pellicola(id),
	UNIQUE (id_utente,id_pellicola)
);

insert into watchlist values('1', '1', '1');
insert into watchlist values('2', '1', '2');
insert into watchlist values('3', '1', '3');
insert into watchlist values('4', '2', '4');
insert into watchlist values('5', '2', '5');
insert into watchlist values('6', '2', '6');
insert into watchlist values('7', '3', '7');
insert into watchlist values('8', '3', '8');
insert into watchlist values('9', '3', '9');
insert into watchlist values('10', '4', '10');
insert into watchlist values('11', '4', '11');